email_id,email_text,word_count,num_capital_words,has_link_words,has_money_words,has_urgent_words,label,z
1,Congratulations! You've WON a $1000 Walmart gift card. Click here to claim now!!!,13,1,1,1,1,spam,1
2,"Hi John, can we move our meeting to 3 PM tomorrow? Let me know if that works.",17,1,0,0,1,ham,0
3,URGENT: Your account has been suspended. Verify your details immediately to avoid closure.,13,1,0,0,1,spam,1
4,Attached is the invoice for last month's services. Please review and confirm.,12,0,0,0,0,ham,0
5,"Free entry into our $5000 prize draw! Text WIN to 80088 now, limited slots left!",15,1,0,1,1,spam,1
6,"Mom, I'll be home late tonight, don't wait up for dinner.",11,0,0,0,0,ham,0
7,Claim your FREE iPhone 15 now! Just pay shipping. Offer ends today!,12,1,0,1,1,spam,1
8,Reminder: Project status report is due by end of day Friday.,11,0,0,0,0,ham,0
9,"You have been selected for a cash reward of $10,000. Reply YES to claim.",14,1,0,1,0,spam,1
10,"Let's grab lunch this Saturday, I found a new Italian place downtown.",12,0,0,0,0,ham,0
11,Hot singles in your area are waiting to chat with you right now!,13,0,0,0,1,spam,1
12,Please find attached the quarterly sales figures for your review.,10,0,0,0,0,ham,0
13,"Lower your mortgage rate NOW! Guaranteed approval, no credit check required.",11,1,0,1,1,spam,1
14,Can you send me the notes from yesterday's lecture? I missed class.,12,0,0,0,0,ham,0
15,WINNER!! As a valued network customer you have been selected to receive a prize.,14,1,0,1,0,spam,1
16,"The flight has been rescheduled to 6:45 AM, please check your email for the ticket.",15,1,0,0,0,ham,0
17,"Buy cheap medications online without prescription, discreet shipping worldwide.",9,0,0,0,0,spam,1
18,Happy birthday! Hope you have a wonderful day surrounded by loved ones.,12,0,0,0,0,ham,0
19,"Your PayPal account has a security issue, click below to verify your identity now.",14,0,1,0,1,spam,1
20,"Team meeting moved to conference room B, same time as usual.",11,0,0,0,0,ham,0
21,"Get rich quick! Work from home and earn $5000 a week, no experience needed!",14,0,0,1,0,spam,1
22,"Thanks for your help with the presentation, it went really well.",11,0,0,0,0,ham,0
23,"Congratulations, you've been chosen for a free cruise to the Bahamas!",11,0,0,1,0,spam,1
24,Please review the attached contract and sign by Monday.,9,0,0,0,0,ham,0
25,"Limited time offer: 90% off all electronics, click now before it's gone!",12,0,1,0,1,spam,1
26,Can you pick up milk and eggs on your way home?,11,0,0,0,0,ham,0
27,"You have 1 unread message regarding your loan pre-approval, click to view.",12,0,1,1,0,spam,1
28,The dentist appointment is confirmed for 10 AM next Tuesday.,10,1,0,0,0,ham,0
29,"Act now! Your computer has a virus, call this number immediately for support.",13,0,0,0,1,spam,1
30,"Here's the recipe you asked for, let me know how it turns out.",13,0,0,0,1,ham,0
31,"Double your bitcoin investment in 24 hours, guaranteed returns!",9,0,0,0,0,spam,1
32,"Great seeing you at the conference, let's stay in touch.",10,0,0,0,0,ham,0
33,"FINAL NOTICE: Your car warranty is about to expire, renew now to avoid fees.",14,2,0,0,1,spam,1
34,"The report you sent looks great, just a couple of small edits needed.",13,0,0,0,0,ham,0
35,"Earn money fast by clicking this link and signing up today, no fees ever!",14,0,1,1,0,spam,1
36,"See you at the gym at 7 AM, don't forget your water bottle.",13,1,0,0,0,ham,0
37,"You are pre-approved for a $50,000 loan with 0% interest for the first year.",14,0,0,1,0,spam,1
38,Please confirm your availability for the interview on Thursday afternoon.,10,0,0,0,0,ham,0
39,"Click here to unlock exclusive adult content, verify your age now.",11,0,1,0,1,spam,1
40,Looking forward to catching up over coffee this weekend.,9,0,0,0,0,ham,0
41,WINNER!! As a valued network customer you have been selected to receive a prize.,12,0,1,0,1,spam,1
42,Don't forget the parent-teacher meeting is scheduled for next Wednesday.,10,0,0,0,0,ham,0
43,You've won a brand new MacBook Pro! Just complete this short survey to claim.,14,0,0,0,0,spam,1
44,Please find attached the meeting minutes from today's discussion.,9,0,0,0,0,ham,0
45,Lose 20 pounds in 2 weeks with this one weird trick doctors hate!,13,0,0,0,0,spam,1
46,"Happy to help with the move this weekend, what time should I arrive?",13,0,0,0,0,ham,0
47,"Your subscription payment failed, update your billing info now to avoid suspension.",12,0,0,0,1,spam,1
48,"Just wanted to say thank you for the birthday gift, it was perfect.",13,0,0,0,0,ham,0
49,Get a free credit score check and unlock hidden savings today!,11,0,0,1,0,spam,1
50,"The client approved the proposal, we can start the project next week.",12,0,0,0,0,ham,0
